"","Zipcode","Region"
"1",90008,"Control"
"2",90017,"Control"
"3",90020,"Control"
"4",90024,"Control"
"5",90027,"Control"
"6",90028,"Control"
"7",90035,"Control"
"8",90036,"Control"
"9",90041,"Control"
"10",90048,"Control"
"11",90049,"Control"
"12",90057,"Control"
"13",90062,"Control"
"14",90068,"Control"
"15",90069,"Control"
"16",90210,"Control"
"17",90240,"Control"
"18",90254,"Control"
"19",90260,"Control"
"20",90266,"Control"
"21",90272,"Control"
"22",90274,"Control"
"23",90275,"Control"
"24",90277,"Control"
"25",90291,"Control"
"26",90403,"Control"
"27",90405,"Control"
"28",90603,"Control"
"29",90604,"Control"
"30",90713,"Control"
"31",90715,"Control"
"32",90717,"Control"
"33",90732,"Control"
"34",90803,"Control"
"35",90814,"Control"
"36",91007,"Control"
"37",91011,"Control"
"38",91030,"Control"
"39",91101,"Control"
"40",91104,"Control"
"41",91106,"Control"
"42",91202,"Control"
"43",91205,"Control"
"44",91206,"Control"
"45",91214,"Control"
"46",91301,"Control"
"47",91306,"Control"
"48",91307,"Control"
"49",91316,"Control"
"50",91321,"Control"
"51",91326,"Control"
"52",91344,"Control"
"53",91354,"Control"
"54",91360,"Control"
"55",91364,"Control"
"56",91403,"Control"
"57",91423,"Control"
"58",91501,"Control"
"59",91604,"Control"
"60",91606,"Control"
"61",91607,"Control"
"62",91701,"Control"
"63",91737,"Control"
"64",91741,"Control"
"65",91755,"Control"
"66",91765,"Control"
"67",91775,"Control"
"68",91784,"Control"
"69",91791,"Control"
"70",91792,"Control"
"71",92026,"Control"
"72",92054,"Control"
"73",92056,"Control"
"74",92057,"Control"
"75",92058,"Control"
"76",92083,"Control"
"77",92084,"Control"
"78",92203,"Control"
"79",92225,"Control"
"80",92253,"Control"
"81",92277,"Control"
"82",92307,"Control"
"83",92405,"Control"
"84",92506,"Control"
"85",92555,"Control"
"86",92557,"Control"
"87",92586,"Control"
"88",92595,"Control"
"89",92596,"Control"
"90",92604,"Control"
"91",92620,"Control"
"92",92629,"Control"
"93",92646,"Control"
"94",92651,"Control"
"95",92679,"Control"
"96",92692,"Control"
"97",92782,"Control"
"98",92844,"Control"
"99",92869,"Control"
"100",93023,"Control"
"101",93552,"Control"
