"","Zipcode","Region"
"1",90001,"Warehouse"
"2",90002,"Warehouse"
"3",90003,"Warehouse"
"4",90005,"Warehouse"
"5",90006,"Warehouse"
"6",90007,"Warehouse"
"7",90011,"Warehouse"
"8",90012,"Warehouse"
"9",90013,"Warehouse"
"10",90014,"Warehouse"
"11",90015,"Warehouse"
"12",90016,"Warehouse"
"13",90018,"Warehouse"
"14",90019,"Warehouse"
"15",90021,"Warehouse"
"16",90022,"Warehouse"
"17",90023,"Warehouse"
"18",90025,"Warehouse"
"19",90026,"Warehouse"
"20",90029,"Warehouse"
"21",90031,"Warehouse"
"22",90032,"Warehouse"
"23",90033,"Warehouse"
"24",90034,"Warehouse"
"25",90037,"Warehouse"
"26",90038,"Warehouse"
"27",90039,"Warehouse"
"28",90040,"Warehouse"
"29",90042,"Warehouse"
"30",90043,"Warehouse"
"31",90044,"Warehouse"
"32",90045,"Warehouse"
"33",90046,"Warehouse"
"34",90047,"Warehouse"
"35",90058,"Warehouse"
"36",90059,"Warehouse"
"37",90061,"Warehouse"
"38",90063,"Warehouse"
"39",90064,"Warehouse"
"40",90065,"Warehouse"
"41",90066,"Warehouse"
"42",90201,"Warehouse"
"43",90220,"Warehouse"
"44",90221,"Warehouse"
"45",90222,"Warehouse"
"46",90230,"Warehouse"
"47",90232,"Warehouse"
"48",90241,"Warehouse"
"49",90242,"Warehouse"
"50",90245,"Warehouse"
"51",90247,"Warehouse"
"52",90248,"Warehouse"
"53",90249,"Warehouse"
"54",90250,"Warehouse"
"55",90255,"Warehouse"
"56",90262,"Warehouse"
"57",90270,"Warehouse"
"58",90278,"Warehouse"
"59",90280,"Warehouse"
"60",90292,"Warehouse"
"61",90301,"Warehouse"
"62",90302,"Warehouse"
"63",90303,"Warehouse"
"64",90304,"Warehouse"
"65",90401,"Warehouse"
"66",90404,"Warehouse"
"67",90501,"Warehouse"
"68",90502,"Warehouse"
"69",90503,"Warehouse"
"70",90504,"Warehouse"
"71",90505,"Warehouse"
"72",90601,"Warehouse"
"73",90602,"Warehouse"
"74",90605,"Warehouse"
"75",90606,"Warehouse"
"76",90620,"Warehouse"
"77",90621,"Warehouse"
"78",90623,"Warehouse"
"79",90630,"Warehouse"
"80",90631,"Warehouse"
"81",90638,"Warehouse"
"82",90640,"Warehouse"
"83",90650,"Warehouse"
"84",90660,"Warehouse"
"85",90670,"Warehouse"
"86",90680,"Warehouse"
"87",90701,"Warehouse"
"88",90703,"Warehouse"
"89",90706,"Warehouse"
"90",90710,"Warehouse"
"91",90712,"Warehouse"
"92",90716,"Warehouse"
"93",90720,"Warehouse"
"94",90723,"Warehouse"
"95",90731,"Warehouse"
"96",90740,"Warehouse"
"97",90744,"Warehouse"
"98",90745,"Warehouse"
"99",90746,"Warehouse"
"100",90755,"Warehouse"
"101",90802,"Warehouse"
"102",90804,"Warehouse"
"103",90805,"Warehouse"
"104",90806,"Warehouse"
"105",90807,"Warehouse"
"106",90808,"Warehouse"
"107",90810,"Warehouse"
"108",90813,"Warehouse"
"109",90815,"Warehouse"
"110",91001,"Warehouse"
"111",91006,"Warehouse"
"112",91010,"Warehouse"
"113",91016,"Warehouse"
"114",91040,"Warehouse"
"115",91042,"Warehouse"
"116",91103,"Warehouse"
"117",91105,"Warehouse"
"118",91107,"Warehouse"
"119",91201,"Warehouse"
"120",91203,"Warehouse"
"121",91204,"Warehouse"
"122",91302,"Warehouse"
"123",91303,"Warehouse"
"124",91304,"Warehouse"
"125",91311,"Warehouse"
"126",91320,"Warehouse"
"127",91324,"Warehouse"
"128",91325,"Warehouse"
"129",91331,"Warehouse"
"130",91335,"Warehouse"
"131",91340,"Warehouse"
"132",91342,"Warehouse"
"133",91343,"Warehouse"
"134",91345,"Warehouse"
"135",91350,"Warehouse"
"136",91351,"Warehouse"
"137",91352,"Warehouse"
"138",91355,"Warehouse"
"139",91356,"Warehouse"
"140",91361,"Warehouse"
"141",91362,"Warehouse"
"142",91367,"Warehouse"
"143",91384,"Warehouse"
"144",91387,"Warehouse"
"145",91401,"Warehouse"
"146",91402,"Warehouse"
"147",91405,"Warehouse"
"148",91406,"Warehouse"
"149",91411,"Warehouse"
"150",91502,"Warehouse"
"151",91504,"Warehouse"
"152",91505,"Warehouse"
"153",91506,"Warehouse"
"154",91601,"Warehouse"
"155",91605,"Warehouse"
"156",91702,"Warehouse"
"157",91706,"Warehouse"
"158",91710,"Warehouse"
"159",91711,"Warehouse"
"160",91722,"Warehouse"
"161",91723,"Warehouse"
"162",91724,"Warehouse"
"163",91730,"Warehouse"
"164",91731,"Warehouse"
"165",91732,"Warehouse"
"166",91733,"Warehouse"
"167",91739,"Warehouse"
"168",91740,"Warehouse"
"169",91744,"Warehouse"
"170",91745,"Warehouse"
"171",91746,"Warehouse"
"172",91748,"Warehouse"
"173",91750,"Warehouse"
"174",91752,"Warehouse"
"175",91754,"Warehouse"
"176",91761,"Warehouse"
"177",91762,"Warehouse"
"178",91763,"Warehouse"
"179",91764,"Warehouse"
"180",91766,"Warehouse"
"181",91767,"Warehouse"
"182",91768,"Warehouse"
"183",91770,"Warehouse"
"184",91773,"Warehouse"
"185",91776,"Warehouse"
"186",91780,"Warehouse"
"187",91786,"Warehouse"
"188",91789,"Warehouse"
"189",91790,"Warehouse"
"190",91801,"Warehouse"
"191",91803,"Warehouse"
"192",92028,"Warehouse"
"193",92201,"Warehouse"
"194",92211,"Warehouse"
"195",92220,"Warehouse"
"196",92223,"Warehouse"
"197",92234,"Warehouse"
"198",92236,"Warehouse"
"199",92240,"Warehouse"
"200",92241,"Warehouse"
"201",92258,"Warehouse"
"202",92260,"Warehouse"
"203",92262,"Warehouse"
"204",92264,"Warehouse"
"205",92274,"Warehouse"
"206",92276,"Warehouse"
"207",92284,"Warehouse"
"208",92301,"Warehouse"
"209",92308,"Warehouse"
"210",92311,"Warehouse"
"211",92313,"Warehouse"
"212",92316,"Warehouse"
"213",92324,"Warehouse"
"214",92335,"Warehouse"
"215",92336,"Warehouse"
"216",92337,"Warehouse"
"217",92344,"Warehouse"
"218",92345,"Warehouse"
"219",92346,"Warehouse"
"220",92354,"Warehouse"
"221",92359,"Warehouse"
"222",92373,"Warehouse"
"223",92374,"Warehouse"
"224",92376,"Warehouse"
"225",92377,"Warehouse"
"226",92392,"Warehouse"
"227",92394,"Warehouse"
"228",92395,"Warehouse"
"229",92399,"Warehouse"
"230",92401,"Warehouse"
"231",92407,"Warehouse"
"232",92408,"Warehouse"
"233",92410,"Warehouse"
"234",92411,"Warehouse"
"235",92501,"Warehouse"
"236",92503,"Warehouse"
"237",92504,"Warehouse"
"238",92505,"Warehouse"
"239",92507,"Warehouse"
"240",92508,"Warehouse"
"241",92509,"Warehouse"
"242",92530,"Warehouse"
"243",92532,"Warehouse"
"244",92543,"Warehouse"
"245",92544,"Warehouse"
"246",92545,"Warehouse"
"247",92551,"Warehouse"
"248",92553,"Warehouse"
"249",92562,"Warehouse"
"250",92563,"Warehouse"
"251",92570,"Warehouse"
"252",92571,"Warehouse"
"253",92582,"Warehouse"
"254",92583,"Warehouse"
"255",92584,"Warehouse"
"256",92585,"Warehouse"
"257",92590,"Warehouse"
"258",92591,"Warehouse"
"259",92602,"Warehouse"
"260",92606,"Warehouse"
"261",92610,"Warehouse"
"262",92612,"Warehouse"
"263",92614,"Warehouse"
"264",92618,"Warehouse"
"265",92624,"Warehouse"
"266",92626,"Warehouse"
"267",92627,"Warehouse"
"268",92630,"Warehouse"
"269",92637,"Warehouse"
"270",92647,"Warehouse"
"271",92648,"Warehouse"
"272",92649,"Warehouse"
"273",92653,"Warehouse"
"274",92656,"Warehouse"
"275",92660,"Warehouse"
"276",92663,"Warehouse"
"277",92672,"Warehouse"
"278",92673,"Warehouse"
"279",92675,"Warehouse"
"280",92677,"Warehouse"
"281",92683,"Warehouse"
"282",92688,"Warehouse"
"283",92691,"Warehouse"
"284",92694,"Warehouse"
"285",92701,"Warehouse"
"286",92703,"Warehouse"
"287",92704,"Warehouse"
"288",92705,"Warehouse"
"289",92706,"Warehouse"
"290",92707,"Warehouse"
"291",92708,"Warehouse"
"292",92780,"Warehouse"
"293",92801,"Warehouse"
"294",92802,"Warehouse"
"295",92805,"Warehouse"
"296",92806,"Warehouse"
"297",92807,"Warehouse"
"298",92808,"Warehouse"
"299",92821,"Warehouse"
"300",92831,"Warehouse"
"301",92832,"Warehouse"
"302",92833,"Warehouse"
"303",92835,"Warehouse"
"304",92840,"Warehouse"
"305",92841,"Warehouse"
"306",92843,"Warehouse"
"307",92860,"Warehouse"
"308",92865,"Warehouse"
"309",92866,"Warehouse"
"310",92867,"Warehouse"
"311",92868,"Warehouse"
"312",92870,"Warehouse"
"313",92879,"Warehouse"
"314",92880,"Warehouse"
"315",92881,"Warehouse"
"316",92882,"Warehouse"
"317",92883,"Warehouse"
"318",92886,"Warehouse"
"319",92887,"Warehouse"
"320",93010,"Warehouse"
"321",93012,"Warehouse"
"322",93015,"Warehouse"
"323",93021,"Warehouse"
"324",93060,"Warehouse"
"325",93063,"Warehouse"
"326",93065,"Warehouse"
"327",93534,"Warehouse"
"328",93535,"Warehouse"
"329",93550,"Warehouse"
"330",93551,"Warehouse"
"331",93560,"Warehouse"
"332",90008,"Control"
"333",90017,"Control"
"334",90020,"Control"
"335",90024,"Control"
"336",90027,"Control"
"337",90028,"Control"
"338",90035,"Control"
"339",90036,"Control"
"340",90041,"Control"
"341",90048,"Control"
"342",90049,"Control"
"343",90057,"Control"
"344",90062,"Control"
"345",90068,"Control"
"346",90069,"Control"
"347",90210,"Control"
"348",90240,"Control"
"349",90254,"Control"
"350",90260,"Control"
"351",90266,"Control"
"352",90272,"Control"
"353",90274,"Control"
"354",90275,"Control"
"355",90277,"Control"
"356",90291,"Control"
"357",90403,"Control"
"358",90405,"Control"
"359",90603,"Control"
"360",90604,"Control"
"361",90713,"Control"
"362",90715,"Control"
"363",90717,"Control"
"364",90732,"Control"
"365",90803,"Control"
"366",90814,"Control"
"367",91007,"Control"
"368",91011,"Control"
"369",91030,"Control"
"370",91101,"Control"
"371",91104,"Control"
"372",91106,"Control"
"373",91202,"Control"
"374",91205,"Control"
"375",91206,"Control"
"376",91214,"Control"
"377",91301,"Control"
"378",91306,"Control"
"379",91307,"Control"
"380",91316,"Control"
"381",91321,"Control"
"382",91326,"Control"
"383",91344,"Control"
"384",91354,"Control"
"385",91360,"Control"
"386",91364,"Control"
"387",91403,"Control"
"388",91423,"Control"
"389",91501,"Control"
"390",91604,"Control"
"391",91606,"Control"
"392",91607,"Control"
"393",91701,"Control"
"394",91737,"Control"
"395",91741,"Control"
"396",91755,"Control"
"397",91765,"Control"
"398",91775,"Control"
"399",91784,"Control"
"400",91791,"Control"
"401",91792,"Control"
"402",92026,"Control"
"403",92054,"Control"
"404",92056,"Control"
"405",92057,"Control"
"406",92058,"Control"
"407",92083,"Control"
"408",92084,"Control"
"409",92203,"Control"
"410",92225,"Control"
"411",92253,"Control"
"412",92277,"Control"
"413",92307,"Control"
"414",92405,"Control"
"415",92506,"Control"
"416",92555,"Control"
"417",92557,"Control"
"418",92586,"Control"
"419",92595,"Control"
"420",92596,"Control"
"421",92604,"Control"
"422",92620,"Control"
"423",92629,"Control"
"424",92646,"Control"
"425",92651,"Control"
"426",92679,"Control"
"427",92692,"Control"
"428",92782,"Control"
"429",92844,"Control"
"430",92869,"Control"
"431",93023,"Control"
"432",93552,"Control"
